{"actions":[],"apps":[{"acl":{"app":[],"field":[],"record":[]},"app":null,"category":{"categories":[],"useCategory":"false"},"form":{"layout":"[{\"id\":null,\"type\":\"ROW\",\"isSubTable\":false,\"var\":null,\"controlList\":[{\"isVirtical\":true,\"styleMap\":{\"width\":117},\"type\":\"DATE\",\"var\":\"日付\",\"label\":\"日付\"},{\"isVirtical\":true,\"styleMap\":{\"width\":344},\"type\":\"USER_SELECT\",\"var\":\"ユーザー選択\",\"label\":\"担当者\"}]},{\"id\":null,\"type\":\"ROW\",\"isSubTable\":false,\"var\":null,\"controlList\":[{\"isVirtical\":true,\"styleMap\":{\"width\":515},\"type\":\"SINGLE_LINE_TEXT\",\"var\":\"title1\",\"label\":\"活動タイトル１\"}]},{\"id\":null,\"type\":\"ROW\",\"isSubTable\":false,\"var\":null,\"controlList\":[{\"isVirtical\":true,\"styleMap\":{\"width\":515,\"height\":184,\"innerHeight\":150},\"type\":\"MULTIPLE_LINE_TEXT\",\"var\":\"body1\",\"label\":\"活動内容１\"}]},{\"id\":null,\"type\":\"ROW\",\"isSubTable\":false,\"var\":null,\"controlList\":[{\"styleMap\":{\"width\":925},\"type\":\"HR\"}]},{\"id\":null,\"type\":\"ROW\",\"isSubTable\":false,\"var\":null,\"controlList\":[{\"isVirtical\":true,\"styleMap\":{\"width\":515},\"type\":\"SINGLE_LINE_TEXT\",\"var\":\"title2\",\"label\":\"活動タイトル2\"}]},{\"id\":null,\"type\":\"ROW\",\"isSubTable\":false,\"var\":null,\"controlList\":[{\"isVirtical\":true,\"styleMap\":{\"width\":515,\"height\":193,\"innerHeight\":159},\"type\":\"MULTIPLE_LINE_TEXT\",\"var\":\"body2\",\"label\":\"活動内容２\"}]}]","revision":null},"iconMeta":null,"info":{"automaticallyChooseTitleComponent":"false","code":null,"decimalPrecision":"16","decimalScale":"4","description":"\u003Cdiv\u003E\u003Cbr /\u003E\u003C/div\u003E","enableBulkDeletion":"false","fiscalYearStartMonth":"4","iconKey":"APP46","iconType":"PRESET","jsFiles":null,"jsScope":"ALL","name":"日報_カスタマイズ","roundingMode":"HALF_EVEN","theme":"PLAIN","titleComponentLocalId":null,"useComment":"true","useHistory":"true","useThumbnail":"true"},"jsFiles":[],"notification":{"appNotifications":[{"events":["RECORD_COMMENT_ADDED"],"target":{"entityId":"5272821","entityType":"FIELD_ENTITY","includeSubs":"false"}},{"events":["RECORD_COMMENT_ADDED"],"target":{"entityId":"5272822","entityType":"FIELD_ENTITY","includeSubs":"false"}}],"recordNotifications":[],"reminderTimezone":null,"reminders":[],"useComment":"true","useReminder":"false"},"plugin":{"pluginIds":[]},"reports":[],"resource":{"tables":[{"rows":[{"fields":[],"objectId":"0","subObjectId":"-1"}],"type":"AppName"},{"rows":[{"fields":[],"objectId":"0","subObjectId":"-1"}],"type":"AppDescription"},{"rows":[{"fields":[],"objectId":"5272820","subObjectId":"-1"},{"fields":[],"objectId":"5272821","subObjectId":"-1"},{"fields":[],"objectId":"5272822","subObjectId":"-1"},{"fields":[],"objectId":"5272823","subObjectId":"-1"},{"fields":[],"objectId":"5272824","subObjectId":"-1"},{"fields":[],"objectId":"5272825","subObjectId":"-1"},{"fields":[],"objectId":"5272826","subObjectId":"-1"},{"fields":[],"objectId":"5272827","subObjectId":"-1"},{"fields":[],"objectId":"5272828","subObjectId":"-1"},{"fields":[],"objectId":"5272829","subObjectId":"-1"},{"fields":[],"objectId":"5272830","subObjectId":"-1"},{"fields":[],"objectId":"5272831","subObjectId":"-1"},{"fields":[],"objectId":"5272832","subObjectId":"-1"},{"fields":[],"objectId":"5272833","subObjectId":"-1"}],"type":"FieldLabel"},{"rows":[{"fields":[],"objectId":"5272835","subObjectId":"-1"},{"fields":[],"objectId":"20","subObjectId":"-1"}],"type":"ViewName"}]},"schema":{"groups":[],"revision":null,"subTable":{},"table":{"fieldList":{"5272820":{"id":"5272820","label":"レコード番号","properties":{"noLabel":"false","required":"true"},"type":"RECORD_ID","var":"レコード番号"},"5272821":{"id":"5272821","label":"更新者","properties":{"noLabel":"false","required":"true"},"type":"MODIFIER","var":"更新者"},"5272822":{"id":"5272822","label":"作成者","properties":{"noLabel":"false","required":"true"},"type":"CREATOR","var":"作成者"},"5272823":{"id":"5272823","label":"更新日時","properties":{"noLabel":"false","required":"true"},"type":"MODIFIED_AT","var":"更新日時"},"5272824":{"id":"5272824","label":"作成日時","properties":{"noLabel":"false","required":"true"},"type":"CREATED_AT","var":"作成日時"},"5272825":{"id":"5272825","label":"ステータス","properties":{"noLabel":"false","required":"false"},"type":"STATUS","var":"ステータス"},"5272826":{"id":"5272826","label":"作業者","properties":{"noLabel":"false","required":"false"},"type":"STATUS_ASSIGNEE","var":"作業者"},"5272827":{"id":"5272827","label":"カテゴリー","properties":{"noLabel":"false","required":"false"},"type":"CATEGORY","var":"カテゴリー"},"5272828":{"id":"5272828","label":"日付","properties":{"defaultExpression":"NOW","defaultValue":null,"noLabel":"false","required":"false","unique":"false"},"type":"DATE","var":"日付"},"5272829":{"id":"5272829","label":"担当者","properties":{"defaultEntities":[{"birthDate":null,"callto":null,"code":"system39@joyzo.co.jp","ctime":"2018-11-04T05:05:55Z","dateTimeLocale":null,"description":null,"email":"system39@joyzo.co.jp","employeeNumber":null,"employeeType":null,"entityType":"USER","extendedData":null,"extensionNumber":null,"formattedDescription":null,"givenName":null,"givenNameReading":null,"id":"1","initials":null,"isBuiltIn":false,"joinDate":null,"langLocale":null,"localName":null,"localNameLocale":null,"locale":null,"middleName":null,"mobilePhone":null,"mtime":"2018-11-04T05:05:55Z","name":"四宮  靖隆","numberLocale":null,"office":null,"phone":null,"photo":{"small":"https://static.cybozu.com/k/kintone_18.10.6_3927/image/cybozu/icon/user_16.png","size_56":"https://static.cybozu.com/k/kintone_18.10.6_3927/image/cybozu/icon/user_56.png","normal":"https://static.cybozu.com/k/kintone_18.10.6_3927/image/cybozu/icon/user_36.png","size_32":"https://static.cybozu.com/k/kintone_18.10.6_3927/image/cybozu/icon/user_32.png","original":"https://static.cybozu.com/k/kintone_18.10.6_3927/image/cybozu/icon/user.png","original_r":"https://static.cybozu.com/k/kintone_18.10.6_3927/image/cybozu/icon/user.svg","size_40":"https://static.cybozu.com/k/kintone_18.10.6_3927/image/cybozu/icon/user_40.png","size_48_r":"https://static.cybozu.com/k/kintone_18.10.6_3927/image/cybozu/icon/user.svg","size_48":"https://static.cybozu.com/k/kintone_18.10.6_3927/image/cybozu/icon/user_48.png","size_96_r":"https://static.cybozu.com/k/kintone_18.10.6_3927/image/cybozu/icon/user.svg","size_24":"https://static.cybozu.com/k/kintone_18.10.6_3927/image/cybozu/icon/user_24.png"},"photoMd5":null,"photoMime":null,"primaryOrganization":null,"removed":false,"serviceFlags":null,"sortOrder":null,"surName":null,"surNameReading":null,"timezone":"Asia/Tokyo","url":null,"valid":true}],"defaultSelect":[{"entityType":"LOGINUSER","id":"1","name":null}],"entities":[],"noLabel":"false","required":"false","select":[]},"type":"USER_SELECT","var":"ユーザー選択"},"5272830":{"id":"5272830","label":"活動タイトル１","properties":{"defaultValue":"","expression":"","hideExpression":"false","max":null,"min":null,"noLabel":"false","required":"false","unique":"false"},"type":"SINGLE_LINE_TEXT","var":"title1"},"5272831":{"id":"5272831","label":"活動内容１","properties":{"defaultValue":"","noLabel":"false","required":"false"},"type":"MULTIPLE_LINE_TEXT","var":"body1"},"5272832":{"id":"5272832","label":"活動タイトル2","properties":{"defaultValue":"","expression":"","hideExpression":"false","max":null,"min":null,"noLabel":"false","required":"false","unique":"false"},"type":"SINGLE_LINE_TEXT","var":"title2"},"5272833":{"id":"5272833","label":"活動内容２","properties":{"defaultValue":"","noLabel":"false","required":"false"},"type":"MULTIPLE_LINE_TEXT","var":"body2"}},"id":"1","label":"__ROOT__","var":"__ROOT__"}},"status":{"actions":[],"filters":[],"initialStateId":null,"states":[],"useStatus":"false"},"uuid":"81d5e866-5474-4546-8094-9758835290b1","views":[{"advancedMode":"false","builtinType":null,"fields":[{"row":[{"id":"5272828"},{"id":"5272829"},{"id":"5272830"},{"id":"5272831"},{"id":"5272832"},{"id":"5272833"}]}],"filter":{"category":null,"offset":null,"order":["DESC"],"q":null,"size":null,"sort":["f5272820"]},"html":null,"keyFieldId":null,"name":"一覧1","pager":null,"revision":null,"titleFieldId":null,"view":"5272835","viewType":"LIST"},{"advancedMode":null,"builtinType":"ALL","fields":[{"row":[{"id":"5272820"},{"id":"5272828"},{"id":"5272829"},{"id":"5272830"},{"id":"5272831"},{"id":"5272832"},{"id":"5272833"}]}],"filter":{"category":null,"offset":null,"order":[],"q":null,"size":null,"sort":[]},"html":null,"keyFieldId":null,"name":"（すべて）","pager":null,"revision":null,"titleFieldId":null,"view":"20","viewType":"LIST"}]}],"description":"","iconKey":"APP46","iconMeta":null,"iconSrcAppId":"81d5e866-5474-4546-8094-9758835290b1","iconType":"PRESET","imagesMeta":[],"lookups":[],"name":"カスタマイズ用日報アプリ","references":[],"version":"24"}